brand,@lat,@lon
,60.0469574,30.3877733
Дикси,59.9614075,30.3153883
Перекресток,59.9627009,30.2942570
Перекресток,59.9720253,30.4358669
Дикси,60.0028311,30.3604361
Пятерочка,59.9368426,30.4836375
Пятерочка,59.9393014,30.4753499
Пятерочка,59.9365111,30.4891133
Пятерочка,59.8156881,30.5745300
Пятерочка,59.9002424,30.4794242
Пятерочка,59.9598044,30.4139726
Магнит,59.8573855,30.1792148
Пятерочка,59.8590975,30.1847402
Ашан,59.8947048,30.5137657
,59.8799689,30.4607617
Магнит,59.9177746,30.3455293
Магнит,59.8676815,30.4619735
Перекресток,59.8466839,30.2445481
Перекресток,59.9265825,30.3205813
Пятерочка,59.8509289,30.1768481
Пятерочка,59.9988716,29.7682549
,59.9178996,30.2893587
,59.7334049,30.5771521
,59.8756630,30.3992884
Пятерочка,59.8727648,30.3914417
,59.8711455,30.4060391
Пятерочка,59.8487739,30.3126445
Auchan,59.9898087,30.2568749
Пятерочка,60.0125770,30.2422787
Пятерочка,60.0496164,30.3536697
Prisma,59.9245828,30.3857108
,59.8472275,30.3305281
Ашан,59.8692524,30.3508704
Карусель,59.9462938,30.4752919
,59.9464996,30.4693660
Магнит,59.8903590,30.2706915
Пятерочка,60.0327798,30.3846117
Пятерочка,60.0264858,30.4123213
Пятерочка,59.8284987,30.3980625
Семишагофф,60.0244876,30.3952878
Пятерочка,60.0071788,30.3520746
Пятерочка,59.8120158,30.2904344
Пятерочка,59.8644392,30.3133890
Дикси,60.0281598,30.6292580
Дикси,59.9668869,30.3428667
,59.8562287,30.2234066
Пятерочка,59.8687791,30.3130500
Пятерочка,59.8527835,30.3821077
Дикси,59.8552166,30.3251952
Prisma,59.8513847,30.3085500
,59.7455926,30.5918485
,59.7424461,30.5820126
,59.7480903,30.5675259
,59.7470426,30.6126364
,59.7411197,30.5917366
Пятерочка,59.8757977,30.4464687
Семишагофф,59.8397995,30.3291796
Пятерочка,59.8390122,30.3307833
Пятерочка,59.9346832,30.2711543
Дикси,59.9723813,30.3403979
,59.9942777,30.1460337
,59.8406579,30.3175749
,59.8870323,29.8614209
,59.8821179,29.8922049
Пятерочка,59.9254723,30.4235541
Пятерочка,59.9265595,30.4152703
,59.8535136,30.3534871
,59.7178920,30.0761342
Пятерочка,59.7292286,30.0835227
,59.7213982,30.0684550
Пятерочка,59.8285718,30.1565101
Магнит,59.8325914,30.1476788
Дикси,59.9519805,30.3006939
Дикси,59.8448614,30.4084304
,60.0170353,30.2448100
,59.9033459,30.2201925
Магнит,59.8986312,30.2133770
,59.8743896,30.2686674
Перекресток,59.8494025,30.2683088
Ашан,60.0917892,30.3819204
,59.8280232,30.3259124
Дикси,59.9242958,30.4500651
,59.9235465,30.4529942
Перекресток,59.9581684,30.3131303
Пятерочка,59.8329921,30.5070632
Дикси,59.9323364,30.2394515
Магнит,59.7343598,30.4207417
Пятерочка,59.9569766,30.3550403
,59.9589009,30.3495816
Пятерочка,60.0065532,30.1986593
Пятерочка,59.9519599,30.2166170
Пятерочка,59.9491968,30.2294770
Магнит,59.9433156,30.2346274
Пятерочка,59.9381674,30.2426145
Пятерочка,59.9361109,30.2428933
Пятерочка,59.9376871,30.2380861
Дикси,60.0097768,30.3498161
Пятерочка,59.9182547,30.3572146
Eurospar,59.9454718,30.3490332
Пятерочка,60.0057908,30.4283023
Дикси,60.0063432,30.4261733
,59.7408235,30.5836052
Пятерочка,59.9976407,30.3716625
,59.7412485,30.5784058
Магнит,59.8582713,30.3789094
Пятерочка,59.8382066,30.2699787
Семишагофф,59.8384653,30.2704824
Перекресток,60.0340084,30.3673203
Пятерочка,60.0112250,30.4010258
Перекресток,59.8364684,30.4038685
,59.8530811,30.2203831
О’кей,60.0593574,30.3353886
Пятерочка,59.8350869,30.1414252
Дикси,60.0443526,30.3788640
Пятерочка,60.0547830,30.3288422
Пятерочка,59.9149981,30.4861730
Дикси,59.9279154,30.3016374
,59.8471910,30.2075790
,59.9217135,30.4754894
Пятерочка,59.8815762,30.2691601
Дикси,59.8686123,30.2606188
Пятерочка,59.8102290,30.3812411
Перекресток,59.9266700,30.3083673
,60.0348447,30.3937294
Дикси,59.9262000,30.4090726
Дикси,59.9222406,30.4833202
,60.0175482,30.2390467
Пятерочка,60.0212316,30.2273160
Перекресток,59.8588463,30.2488187
Перекресток,59.7350503,30.6123912
,60.0247818,30.6306024
Дикси,59.9276310,30.3117314
Перекресток,59.9417825,30.2757395
Дикси,59.9876221,30.2946220
,59.9771009,30.3171108
Дикси,59.8778768,30.2718469
Магнит,59.9226123,30.4788504
,59.9221417,30.4439450
,59.9614644,30.2984562
Дикси,60.0526943,30.3422594
Дикси,59.9592479,30.3041660
Перекресток,59.9592618,30.4400504
Семишагофф,59.9535946,30.4347968
,59.9673984,30.3096661
Пятерочка,59.8423812,30.3626427
Перекресток,59.8305061,30.3776130
Перекресток,59.9191342,30.3392889
Пятерочка,59.9995104,30.2943472
Пятерочка,59.9424286,30.2613906
Дикси,59.8150126,29.9848205
Пятерочка,59.8456074,30.3781449
Пятерочка,59.8420707,30.3924287
Пятерочка,59.8355829,30.3660022
Дикси,59.8784529,30.2660331
Дикси,59.9270391,30.3559769
Пятерочка,59.9990934,30.3616190
Дикси,59.9228162,30.4208462
,59.8099963,30.5692999
Пятерочка,59.8548966,30.3746354
Магнит,59.9545205,30.4363322
,59.8380806,30.3979304
,59.7387860,30.6223248
Дикси,59.9470370,30.3823762
Пятерочка,60.0149922,30.3910373
Дикси,59.9399905,30.2684088
Дикси,59.9448073,30.2660790
Пятерочка,59.7362871,30.6175579
Пятерочка,59.7071960,30.4157213
,59.8350751,30.2216515
Пятерочка,60.0278607,30.2236178
Дикси,59.9185292,30.3460647
Перекресток,60.0518194,30.3329945
Пятерочка,59.8987143,30.2745218
,59.7333335,30.5776523
Дикси,59.8564531,30.2095612
Пятерочка,59.9786873,30.4209533
,59.9839979,30.4006162
,59.8746664,29.8995863
Пятерочка,59.9885219,30.3110733
Дикси,59.9918203,30.3070911
Пятерочка,59.9284697,30.3048304
Дикси,59.9573418,30.3072002
Пятерочка,60.0894701,29.9537840
Магнит,60.0140846,30.2509240
Дикси,59.9138330,30.3489273
,60.1035311,29.9758128
Семишагофф,59.8633200,30.3040345
Пятерочка,60.0085293,30.3265082
Пятерочка,59.9441632,30.2275272
Дикси,59.9122946,30.2978337
Пятерочка,60.0149715,30.3159563
,59.9116802,30.3069503
Дикси,59.9116682,30.3060028
Магнит,59.8723462,30.3799941
Дикси,59.9140139,30.3236342
Магнит,59.8514735,30.2718240
Пятерочка,59.9157286,30.2978387
Семишагофф,59.9157327,30.3047956
Пятерочка,59.9249362,30.4952649
Дикси,59.7416090,30.4174578
Пятерочка,59.9184085,30.4960431
Дикси,59.9936922,30.3151646
,59.8383982,30.2522433
Пятерочка,59.9187965,30.4823770
Дикси,59.9140070,30.2946866
Магнит,60.0323067,30.4014226
Auchan,59.9001639,30.4007060
Магнит,60.0167012,30.3366482
Дикси,60.0164478,30.3370389
Дикси,59.8407010,30.2428519
,59.8695324,29.8543318
Пятерочка,59.8551500,30.2408581
Магнит,59.7860298,30.1117992
Пятерочка,60.0000950,30.2479798
Пятерочка,59.9131950,30.2772759
Дикси,59.9216560,30.2865236
Семишагофф,59.8365457,30.2456021
Пятерочка,59.8420711,30.4897164
Пятерочка,59.8371577,30.5112775
,59.7503749,30.5670817
,59.8420340,30.1308648
Пятерочка,59.8786646,30.4605590
Пятерочка,59.8968584,30.4213837
Пятерочка,60.0224258,30.2398232
Пятерочка,59.8642638,30.3993911
,59.6858387,30.4322298
Дикси,59.6857850,30.4238157
Пятерочка,60.0370977,30.3311178
Пятерочка,60.0470886,30.3517895
Дикси,59.9380027,30.2773938
Дикси,59.8761820,30.3267074
Дикси,59.9713915,30.4234727
,59.8416571,30.1585200
Пятерочка,59.8642899,30.3727861
Prisma,60.0091652,30.3263007
Пятерочка,59.9592456,30.4904647
,59.8551429,30.3001927
Магнит,60.0376920,30.3252679
Дикси,59.8622308,30.3198147
Дикси,59.9235062,30.2915225
Пятерочка,59.9223189,30.2924764
Дикси,59.8523753,30.2514239
Пятерочка,59.8766777,30.3923010
,59.7384474,30.4089496
Семишагофф,59.9549289,30.4689533
Магнит,60.0068599,30.4241991
,59.9589596,30.4908426
Пятерочка,59.9312883,30.3480975
Семишагофф,59.9301276,30.3473586
,59.8600058,30.2486427
Пятерочка,60.1103370,30.2835393
Дикси,59.9320095,30.3165455
Перекресток,60.0082694,30.2119955
,59.7236685,30.6089154
,59.9325335,30.3509302
Семишагофф,59.7074250,30.0191859
Дикси,59.8901574,30.4192295
Дикси,59.9649109,30.2978147
,59.9444192,30.2385826
Пятерочка,60.1431681,30.2167874
,60.1514798,30.2055917
Дикси,60.1416427,30.2133826
,60.1428569,30.2096028
Магнит,60.1081753,30.4875601
Дикси,59.9592670,30.4218966
Пятерочка,59.9505750,30.4703052
Пятерочка,59.7270262,29.8589624
Пятерочка,60.1202375,30.4990192
Дикси,59.9476674,30.3502276
Дикси,59.9221770,30.3494327
Семишагофф,59.9535095,30.4785478
Дикси,59.9883501,30.3410641
,59.8515276,30.2613060
,59.8930216,30.3185019
Дикси,59.9392674,30.3670460
Дикси,59.9199414,30.2965561
,60.0105714,30.4181474
Пятерочка,60.0157516,30.3993015
Магнит,60.0191124,30.4026820
,59.7387312,30.0897640
Дикси,59.8806766,29.8636158
Пятерочка,59.9205009,30.2975899
,59.8445741,30.2637986
,59.9158688,30.3254833
,60.0294565,30.3662824
Дикси,59.9812175,30.4080308
Дикси,59.9755983,30.4007666
Магнит,59.9736443,30.3989324
Пятерочка,59.9720528,30.3875060
Пятерочка,59.8317851,30.3896535
Верный,59.9447916,30.4966144
Prisma,59.8318421,30.3458295
Пятерочка,60.0130791,30.4296375
,60.0569304,30.4769150
Магнит,59.7816634,30.1362988
Дикси,59.9695316,30.4051186
Магнит,59.9746988,30.3909617
Семишагофф,59.9785709,30.3992371
Пятерочка,59.9113636,30.2894225
Магнит,60.0025329,30.3245350
Дикси,59.9085185,30.2965676
Пятерочка,60.0132329,30.3680709
,60.1425553,30.2082487
Пятерочка,59.9049920,30.4832148
Дикси,59.9428578,30.3464066
,59.8851904,30.4270619
,59.8741073,30.3046004
Пятерочка,59.9117096,30.2825035
,59.9126401,30.3142702
,59.8510520,30.2402224
,59.9068784,30.3188311
Магнит,59.8595438,30.3146376
Пятерочка,59.8604946,30.3145939
,59.8658821,30.4556443
Магнит,59.9111729,30.3180574
О’кей,59.8782033,30.3574527
Дикси,59.9393852,30.3615106
Пятерочка,60.0285266,30.2961675
,59.8525045,30.2603398
Пятерочка,59.9255250,30.2834147
Пятерочка,60.0634475,30.3076831
Пятерочка,60.0478834,30.3751857
Пятерочка,60.0432005,30.3334539
Пятерочка,60.0424423,30.3409348
Пятерочка,60.0429980,30.3265485
Пятерочка,60.0075231,30.2938732
Дикси,59.9450725,30.2868089
Spar,59.9445506,30.2840605
Дикси,59.9478561,30.2734518
,60.0045337,30.2059992
Пятерочка,59.8474909,30.3053795
Дикси,59.8480588,30.3152605
Дикси,59.9382129,30.3721687
Семишагофф,59.9399036,30.2669531
Дикси,59.8614637,30.3327034
Пятерочка,59.8412497,30.1744467
Дикси,59.8462676,30.2452475
Дикси,60.0389310,30.4001405
Дикси,59.9888227,30.2171574
Магнит,59.9397751,30.4951771
Семишагофф,59.9305893,30.6253270
Пятерочка,60.0262939,30.2245685
,60.0084303,30.2622419
Семишагофф,60.0179416,30.2437278
Перекресток,60.0216283,30.2451159
,59.9134086,30.5095572
,59.8733087,30.3068221
Дикси,59.9042382,30.4768020
,59.8971618,30.2775638
Перекресток,59.9007722,30.2724316
,59.6639114,30.1039614
,59.9435901,30.3887828
,60.0360723,30.3447996
Перекресток,60.0417616,30.3403534
Пятерочка,60.0087893,30.3437683
Перекресток,60.0075201,30.3273027
Пятерочка,60.0031226,30.3329131
,60.1491841,30.5112834
Пятерочка,59.8709832,30.3113125
Перекресток,59.9499884,30.4881182
,59.6626386,30.1017873
,59.6690383,30.0549431
Дикси,59.9235767,30.4567200
Пятерочка,59.9458419,30.4895632
Дикси,59.9301718,30.3223132
,59.8562203,30.2558454
Пятерочка,59.9489515,30.4752192
,60.0851683,29.9544849
Пятерочка,59.9577861,30.2905101
,59.8569520,30.2558789
Магнит,60.0077548,30.3989085
,60.0835372,29.9547778
,59.9010062,30.4699866
,60.0750085,30.2362141
Дикси,59.8284435,30.3341787
Дикси,60.0692987,30.3944171
,59.7537043,29.7129471
,59.8834702,30.4690663
Пятерочка,59.9801652,30.5079674
Пятерочка,60.0238207,30.6319869
Дикси,59.9295034,30.6304094
Дикси,60.0000674,30.3158826
Дикси,59.9097383,30.2752899
Prisma,59.9148625,30.3493044
Дикси,59.9429621,30.3219292
,59.8366739,30.3580444
Пятерочка,59.8562180,30.3063585
Пятерочка,59.8601161,30.3065989
Дикси,60.0038991,30.2038766
,59.8714649,30.3162751
Prisma,59.8702599,30.3789599
Дикси,59.9550750,30.2972949
,59.6755475,29.8510091
Пятерочка,59.6999776,29.9469819
Дикси,59.9421739,30.4694473
Пятерочка,59.8299256,30.2037444
Дикси,60.0365454,30.4201358
Дикси,60.0315525,30.4305738
Семишагофф,60.0337019,30.4254468
Магнит,60.0339345,30.4206609
Дикси,60.0403838,30.3723846
Дикси,60.0385195,30.3707630
,60.0388226,30.3709529
Перекресток,60.0125196,30.3982562
,59.9228227,30.3418335
Перекресток,59.9458414,30.2154166
Пятерочка,59.9833833,30.2147719
Пятерочка,59.6638739,30.1190512
,59.7252024,30.4161979
Пятерочка,59.9276330,30.4714382
Ашан,60.0531460,30.3891880
Перекресток,59.9666872,30.2875985
,59.9577948,30.3202371
Пятерочка,59.8396045,30.1471122
,59.8404123,30.3103137
Пятерочка,59.8335117,30.1783915
Магнит,59.8325975,30.1828939
Дикси,59.8354608,30.1766223
Магнит,60.0520752,30.3631965
Дикси,59.8755946,30.3358946
Дикси,60.0070692,30.6073174
Пятерочка,59.8559694,30.3603663
,59.8514049,30.4141065
Семишагофф,59.9286253,30.3774668
Семишагофф,59.9373736,30.3714267
Семишагофф,59.9406450,30.3481119
,59.9961229,30.2016602
,59.8071502,30.3717333
Дикси,59.9797791,30.3448146
Лента,59.7302564,30.6155342
Перекресток,60.0234990,30.2835326
Пятерочка,59.9627221,30.4125409
Пятерочка,60.0076803,30.6126066
,59.8497861,30.2812962
,59.8501642,30.2812881
Prisma,59.9856251,30.2036249
,59.9113327,30.3477109
,59.8300536,30.5138753
,59.8265043,30.3270433
,59.9312203,30.4074611
Магнит,59.8798334,30.4633619
Дикси,59.9621490,30.3148000
,59.9349025,30.4070794
Дикси,59.9366598,30.4077647
Пятерочка,59.9164407,29.7715185
Дикси,59.8766829,30.3765264
Дикси,59.9076245,30.3460544
Дикси,59.8355230,30.4269258
Дикси,59.9588236,30.2967896
,60.0082368,30.2578037
,60.0000650,30.2080138
Пятерочка,59.8283332,30.3839659
Дикси,59.9424540,30.2320875
Перекресток,59.9382229,30.2307884
Пятерочка,59.8674307,30.2748403
Пятерочка,59.8586263,30.3382009
,59.9223855,30.3075736
Дикси,59.9228804,30.3078135
Prisma,59.8825528,30.3706807
Дикси,59.7539578,29.7124171
Магнит,59.8718365,30.2587535
Пятерочка,59.9185324,30.2812955
Дикси,59.8369270,30.2633426
Магнит,59.9257958,30.3151018
Магнит,59.8693475,30.4395420
Дикси,59.8735342,30.2582756
Дикси,59.8599726,30.2369314
,59.8514896,30.2648368
,60.0003331,30.3634129
Пятерочка,59.9102217,30.3140384
Пятерочка,59.8658035,30.3845347
Семишагофф,59.9589473,30.4274901
Дикси,59.9243227,30.3052909
,59.9834211,30.3967348
,59.8395481,30.4939472
,59.8761591,30.3240582
Магнит,59.8730979,30.2648204
Перекресток,59.9594076,30.2895259
,59.8558830,30.4762488
Дикси,59.8579556,30.1976916
Пятерочка,59.9389699,30.3480213
,59.9441023,30.3556076
Дикси,59.8579658,30.1802290
Дикси,59.8604260,30.1867519
Дикси,59.9570645,30.3104238
Дикси,59.9265816,30.3322060
Пятерочка,59.9462137,30.3666034
Пятерочка,59.8448627,30.2718899
,59.8326149,30.1981894
Дикси,59.9238356,30.3292796
,59.8826760,30.4717767
,59.8447181,30.3746686
Дикси,59.9306307,30.4224191
Магнит,59.8586584,30.1946523
,59.8906788,30.4175433
,59.8620945,30.1955494
,59.9858542,30.2928979
Дикси,59.8271408,30.1406157
,59.9122395,29.7768890
,59.9104274,29.7727893
Дикси,59.9153151,29.7683651
Пятерочка,59.9043803,29.7700260
Дикси,59.8777008,29.8954388
Семишагофф,60.0492295,30.3459652
,59.8526859,30.0356208
Дикси,59.9911642,30.4289397
Дикси,59.9908100,30.4302667
Магнит,59.8453156,30.3892156
,59.8769068,30.2744410
Дикси,59.9248370,30.4758200
,59.8523841,30.2304389
,60.0258285,30.2975185
Магнит,60.0274494,30.2966524
Семишагофф,60.0076754,30.4208730
Дикси,59.8745125,30.2618272
Перекресток,59.7381080,30.4636909
Дикси,60.0074992,30.4175095
Пятерочка,60.0081035,30.4071946
,59.9785590,30.4052143
Семишагофф,60.0377234,30.3439852
Дикси,60.0385965,30.3579555
Дикси,59.9263384,30.3470531
,59.7298695,30.4087598
Магнит,60.0495075,30.3338134
Пятерочка,60.0460570,30.3370158
Магнит,59.9655402,30.3505531
Дикси,59.9632377,30.4151530
Дикси,59.9853047,30.2650319
Семишагофф,59.9870388,30.2600921
Перекресток,59.9555369,30.4098438
Дикси,59.9870259,30.2902866
,59.6819216,30.4635279
,60.0622554,30.3068585
Дикси,59.9969110,30.3805842
,60.0452698,30.4631981
Пятерочка,59.8758253,30.2710495
Магнит,60.0193615,30.2684105
,60.0201323,30.2682903
,59.8613015,30.3351446
Магнит,59.8750689,30.3750595
Дикси,60.0189500,30.3218251
Prisma,59.8493390,30.1439298
,59.9809749,30.3523142
,59.8582847,30.1958540
,60.0097220,30.3499226
Азбука вкуса,59.9421190,30.3488338
Дикси,59.9920796,30.3101332
Дикси,59.9714345,30.3061773
Магнит,59.8523489,30.2462264
,60.0514663,30.4459039
,59.8497792,30.2063997
Дикси,59.8623696,30.3474490
Магнит,59.9737532,30.3889155
,59.8889822,30.4263821
Магнит,59.9586525,30.4159008
Магнит,60.0248056,30.4281836
Магнит,59.9939408,30.1931792
,59.8655336,30.3845700
,60.0222574,30.3927939
,59.7236700,30.2687121
Магнит,59.8763719,30.4419351
Пятерочка,59.7217647,30.2650668
Дикси,59.9286263,30.2467290
Магнит,59.8553256,30.3690987
Азбука вкуса,59.8890606,30.3188488
Магнит,59.9358815,30.3723783
Семишагофф,59.9137795,30.3268220
,59.8581652,30.4730676
Дикси,59.9398602,30.3501087
,59.8688962,30.2588301
Дикси,59.9508056,30.4103192
Дикси,59.8594204,30.3038954
Магнит,59.8678119,30.2591253
,59.8484511,30.3853090
,59.8922305,30.2632938
Магнит,59.9081520,30.2639581
Магнит,59.9888991,30.3112602
Дикси,59.9369995,30.3526375
Дикси,59.7375047,30.4015411
Магнит,59.8303044,30.4225230
,59.7341441,30.5824797
,59.7422162,30.6098902
,59.7353620,30.5831820
,59.8694790,30.4110316
,59.7271020,30.4169806
Дикси,59.8322165,30.3512560
,59.9725226,30.2696541
,59.9847619,30.2790798
Дикси,59.9280135,30.3767253
Пятерочка,59.7157396,30.4237109
,59.6871733,30.4285221
,59.8657398,30.3800444
Дикси,59.9712059,30.3874827
Пятерочка,59.9602404,30.2288443
Дикси,59.8500717,30.4037250
,59.8340123,30.3819268
Семишагофф,59.8787532,30.2683416
,60.0862369,29.9543500
,59.9269156,30.4699276
Дикси,59.9699910,30.4058974
Пятерочка,59.9706892,30.4029813
Дикси,60.0321630,30.4052627
Дикси,59.9757791,30.3384279
Магнит,59.9693103,30.4087140
Магнит,59.8751926,30.4032472
,59.8555186,30.3523906
,59.9740251,30.2615818
Перекресток,60.0005584,30.2107750
,59.8481056,30.1553315
,60.0202591,30.4108924
Дикси,59.9096828,30.4722893
Дикси,59.9174109,30.3072435
,60.0850950,29.9533284
,60.0002594,30.3173409
,59.6660090,30.1026435
Дикси,60.0470855,30.3293756
,59.7018919,29.9459042
Дикси,59.9632475,30.3519648
Дикси,59.9236439,30.3558338
Дикси,59.9706251,30.3068091
Дикси,59.8504555,30.0211407
Семишагофф,59.9448516,30.3825200
Пятерочка,59.8713928,30.3787639
Prisma,60.0165853,30.2453544
Дикси,60.0299985,30.2182690
Магнит,59.9905987,29.7884887
Дикси,59.9886078,29.7869383
Магнит,59.9329481,30.2452851
Дикси,59.9243516,30.4160088
Пятерочка,59.8341763,30.1462505
Пятерочка,59.9452652,30.4140861
Дикси,59.9506262,30.2467919
Магнит,59.8613579,30.1972493
Дикси,59.9270615,30.3533217
Магнит,59.9594956,30.2966137
Дикси,59.9313301,30.3706291
Перекресток,60.0062647,30.2110120
Пятерочка,59.8110375,30.0741119
Prisma,59.9207762,30.3563227
,59.8613365,30.3039719
,59.8561136,30.2988140
,59.8725916,29.8578753
Магнит,59.9251532,30.3221426
Семишагофф,59.8075609,30.0765813
Дикси,59.9523771,30.2996967
Магнит,60.0065089,30.2681123
Дикси,59.8533523,30.3163948
Prisma,60.0218247,30.2261770
Дикси,59.9566585,30.4150088
,59.8372257,30.3531680
,59.9244241,30.3377034
,59.9396933,30.3542605
Семишагофф,59.8560517,30.3385594
Магнит,59.8443545,30.3992735
,60.0652416,30.3024163
Prisma,59.9882164,30.3533516
Дикси,59.9369200,30.3364529
Пятерочка,60.0016633,30.3870723
Магнит,60.0363297,30.4198389
,59.8539333,30.1449430
Дикси,59.9458083,30.3806888
Магнит,60.0109289,30.4079698
Магнит,59.7387691,30.4655834
Дикси,59.9360763,30.2740476
,59.9315736,30.3594142
Пятерочка,59.9351786,30.2470188
Магнит,59.9280924,30.3193825
Магнит,60.0061948,30.2483238
,59.9716562,30.3475892
Пятерочка,59.8525249,30.3574153
Магнит,59.9251217,30.4759145
,59.8277978,30.1904010
Магнит,59.7291039,30.0831669
,60.0438672,30.3196590
Лента,59.8813853,29.8934533
,59.8815863,29.8945392
,59.8772812,29.8989550
Азбука вкуса,59.9420492,30.2256973
Дикси,59.8040147,30.3751444
Дикси,59.8527179,30.3347720
Магнит,59.9048325,30.4686218
,59.7372764,30.5789874
Дикси,59.7466521,30.6070133
Дикси,59.7506909,30.5739651
,59.7359889,30.5753749
,59.7411415,30.5900026
,59.7737994,30.5966019
,59.7392174,30.5812212
,59.7415725,30.5647547
Дикси,59.8623224,30.3278832
Пятерочка,59.9593168,30.3058511
,59.6646697,30.1070919
Магнит,59.8615877,30.1891787
Пятерочка,59.9518733,30.4223562
Пятерочка,60.0744761,30.3397633
Семишагофф,59.9496310,30.2449439
Магнит,60.0070300,30.6065783
Дикси,59.9379249,30.3441615
Пятерочка,59.9735656,30.3988586
,59.8864900,29.8610040
Дикси,59.9855076,30.4131056
,59.9855969,30.4127072
Дикси,60.0340638,30.4542056
Дикси,60.0333024,30.2951147
,59.8648089,30.4142745
,59.7065326,30.3879922
,59.8404741,30.4905154
Магнит,59.8609046,30.3894973
Пятерочка,59.8472240,30.4060523
Пятерочка,59.7264703,30.4641828
Перекресток,59.7324379,30.4695846
Магнит,60.0452733,30.3766603
Магнит,60.0387254,30.4008243
Пятерочка,60.0407105,30.3964472
Магнит,60.0064344,30.4032838
,59.9715567,30.4346436
,59.8993926,30.2734396
,59.9648373,30.4865226
Пятерочка,59.8358268,30.1322952
Дикси,59.8348744,30.1461415
Семишагофф,59.9576693,30.4218683
Магнит,59.8577016,30.3890772
Магнит,59.8496089,30.1507997
,59.8371623,30.2628804
Азбука вкуса,59.9611899,30.3037781
Магнит,59.9462994,30.4144306
Семишагофф,59.8555241,30.2408719
Дикси,59.8513245,30.1432637
Магнит,59.7374933,30.4635920
,60.0502043,30.3810088
Магнит,60.0073188,30.4182184
Дикси,59.9942409,30.4315142
Пятерочка,59.7412086,30.0907670
,59.8563675,30.1998305
Дикси,60.0098564,30.4063451
Дикси,60.0787626,30.3423884
Дикси,59.9257833,30.3272999
Дикси,59.9745442,30.3034135
Дикси,59.9681150,30.3020059
,59.8901963,30.4311564
Дикси,60.0352204,30.2447236
Семишагофф,60.0177338,30.3669804
Пятерочка,59.8636351,30.4942442
,59.9339821,30.3134871
Дикси,59.9890159,30.3330119
,60.0180635,30.3188516
,60.0110941,30.2573148
Магнит,60.0430840,30.3289296
Семишагофф,60.0481935,30.3603084
Дикси,59.8646772,30.3221028
Семишагофф,59.9227690,30.3504996
Магнит,60.0469522,30.3267915
Пятерочка,60.0354243,30.3743217
Пятерочка,60.0178823,30.3754554
,59.8264614,30.3260198
Дикси,59.9485074,30.2806347
Дикси,59.8973754,30.4319380
Дикси,59.8703283,29.8487579
,59.9496707,30.5566629
,59.8789897,30.3139891
Дикси,59.8585506,30.1890332
Магнит,59.9407409,30.2328966
,60.0144582,30.2582573
Дикси,60.0508299,30.3421172
Магнит,59.7959426,30.1598081
,59.8077858,30.3814899
Пятерочка,59.9981144,30.2790044
Дикси,60.0120720,30.3114626
Дикси,59.9931834,30.4338398
,59.9415872,30.3235871
Дикси,59.9419035,30.2236068
Дикси,60.0550780,30.3355295
,59.9329511,30.4630892
Магнит,59.9702161,30.4022004
Магнит,60.0373680,30.4304487
Магнит,59.8365586,30.3581215
Магнит,59.8150757,30.2934117
,60.0011160,30.2059325
Дикси,59.8380667,30.3560736
,59.9968362,30.3823336
,59.8910553,30.4202482
,59.9153707,30.4699918
,59.8642049,30.4729589
Магнит,59.9428946,30.4788093
,59.8438609,30.2768091
,60.0588862,30.4695408
Дикси,60.0645605,30.4580034
,59.8680374,29.9186594
,59.8968914,30.4757413
Пятерочка,60.0518178,30.4235966
Дикси,59.9117844,30.3095069
Перекресток,60.0366609,30.3216635
Дикси,60.0320149,30.3449559
Дикси,59.8790983,30.4300720
Дикси,60.0237455,30.2197351
,60.0172951,30.2295903
Семишагофф,59.8457440,30.4849029
Магнит,59.8562205,29.9507182
,60.0334076,30.4497261
Пятерочка,59.8407828,30.2386645
Магнит,60.0161946,30.3109941
Перекресток,60.0025461,30.2731775
,60.0816605,30.3409225
Магнит,59.8496254,30.3271711
Пятерочка,59.8514607,30.2937449
Пятерочка,59.8603346,30.3636817
,59.7991698,30.6313855
Дикси,59.9295884,30.3240678
Магнит,60.0101265,30.2630827
Дикси,59.9287232,30.3051701
Prisma,59.9321155,30.2605041
,59.7397590,30.3951554
Магнит,59.8341806,30.2184619
Дикси,59.8463070,30.1101767
,59.8419327,30.2557998
Магнит,59.8557724,30.2073539
,60.0034511,30.2026811
,59.8386023,30.1744607
Дикси,59.9483338,30.5761205
Семишагофф,59.9156813,30.4862956
Пятерочка,60.0005654,30.2919995
,59.9243687,30.3278538
,59.9724821,30.3059127
Дикси,59.9050882,30.2890555
Лента,59.9417765,30.2585560
Дикси,59.9425092,30.3609223
Дикси,59.8523412,30.2162185
Перекресток,60.0110147,30.4021879
Дикси,59.9307595,30.3657632
,59.9389700,30.3239950
Магнит,60.0482832,30.3527188
Семишагофф,60.0410999,30.4153643
Дикси,59.9409091,30.3790349
Лента,59.9408878,30.3904360
,59.8528946,30.2149581
Пятерочка,59.8810732,30.4650450
,60.0396029,30.3455756
Магнит,60.0327051,30.3521710
Лента,59.8400704,30.3369552
Пятерочка,59.9482236,30.2396795
Магнит,60.0518893,30.3367253
,60.0300352,30.4162680
Дикси,59.9311016,30.4205371
Магнит,60.0401814,30.4146128
Пятерочка,60.0441351,30.3889006
Магнит,60.0115511,30.2854906
,59.8313526,30.1437826
,59.8359456,30.1363370
Семишагофф,59.8434315,30.2285882
,59.8322660,30.1503618
,60.0024950,30.3584801
Дикси,59.9293046,30.3479647
Дикси,59.8715600,30.2677912
,59.8562411,30.2408222
Дикси,59.8592117,30.2463786
Пятерочка,59.9367944,30.3408586
Лента,60.0507525,30.4227710
Магнит,59.8501909,30.3686452
Дикси,59.8779071,30.4789220
,60.0133313,30.2679241
,59.8500473,30.2057212
,59.9152610,30.5159415
Дикси,59.9285751,30.3503051
Дикси,59.9432133,30.3488625
,59.7439559,30.5826235
Дикси,59.8514626,30.2963832
Пятерочка,59.8398561,30.1393343
Семишагофф,59.8273450,30.2158983
Дикси,59.8665834,30.4690003
,60.0049564,30.2532054
Пятерочка,59.9210515,30.3535032
Семишагофф,59.9292749,30.3120929
Дикси,59.8390515,30.3509630
Дикси,59.9361138,30.3504721
Магнит,59.8423235,30.2422896
Пятерочка,59.9235602,30.3484223
,60.0172547,30.4029102
Пятерочка,59.9337187,30.3693576
Пятерочка,59.9963462,30.2056964
Перекресток,59.8321227,30.3392869
Пятерочка,59.8800949,30.4580316
Пятерочка,59.9842182,30.3493358
,59.8379347,30.3967634
Магнит,60.0366036,30.3952702
Дикси,60.0775144,30.3361823
Дикси,60.0717059,30.3222297
Пятерочка,59.9608211,30.3324449
Пятерочка,59.8199678,30.3259255
,59.8718388,30.3001800
Магнит,59.9297667,30.4199469
Дикси,59.9295037,30.4202374
Магнит,59.9765174,30.4186029
Пятерочка,59.9535558,30.4705006
Дикси,60.0488092,30.4363545
Пятерочка,60.0475708,30.3790194
Пятерочка,59.8506626,30.0273730
Пятерочка,60.0489757,30.4281186
Семишагофф,59.9001984,30.4902669
,59.9129956,30.2978177
Пятерочка,59.6677368,29.8935965
Пятерочка,60.0522088,30.4238905
Лента,59.9501540,30.2663915
Лента,60.0292252,30.4150272
Пятерочка,59.8612686,30.3986090
,59.9498983,30.4143092
,59.9622975,30.3057708
Дикси,59.8043895,30.3809973
,59.8386177,29.8793581
Магнит,59.9983587,30.3606426
Магнит,59.8955525,29.7735751
Дикси,59.9055177,29.7785639
Пятерочка,60.0779414,30.3441041
,59.8535060,30.1410828
,59.8422751,30.4886551
Магнит,59.8323542,30.5091441
Дикси,60.0808966,30.3441578
Семишагофф,59.9631986,30.3013777
Пятерочка,59.9429414,30.3784839
Дикси,59.9404642,30.2855238
,59.9390399,30.2848092
Дикси,59.9240244,30.2858211
Дикси,59.8707806,29.9109662
Пятерочка,59.9850305,30.3315432
Перекресток,59.8536126,30.3397430
Семишагофф,60.0384081,30.4024563
,59.9035682,29.7702404
Дикси,59.9114468,29.7849804
Дикси,59.9996234,30.1958279
Пятерочка,60.0094635,30.4049794
Пятерочка,59.8645616,30.3718959
Пятерочка,59.9035000,30.3005321
,59.7728698,30.0507789
Магнит,59.9942153,29.7833110
Дикси,59.9965539,29.7681486
,59.9934813,29.7591242
Дикси,59.9417601,30.2899529
Дикси,59.9617613,30.2909682
,60.0228520,30.3733823
Пятерочка,59.9208871,30.3106096
,59.8556278,30.2248150
Дикси,59.9550035,30.2174828
,59.9619114,30.2993220
,60.0112478,30.2460361
Пятерочка,60.0848346,29.9577534
Пятерочка,60.0362670,30.4468326
,60.0347123,30.4484748
Дикси,60.0352499,30.4463375
,59.9214124,30.3539996
Пятерочка,59.8557014,30.3460068
,59.8468162,30.3308207
Дикси,59.8690227,30.3624207
,60.0103092,30.2643176
Магнит,59.9293575,30.4718559
Дикси,59.7857805,30.6235120
Магнит,59.8343213,30.4225818
Дикси,59.7447719,30.5614184
Пятерочка,59.9996620,30.3341935
Перекресток,59.8312016,30.5034273
Пятерочка,59.8545815,30.2131597
Лента,59.9400986,30.4176366
Дикси,59.8068086,30.5803025
,59.8806580,30.4633621
Пятерочка,59.8489988,30.3873991
Пятерочка,59.8511281,30.3953866
Магнит,59.7384317,30.4046839
Магнит,59.7873075,30.1493435
Дикси,59.9297367,30.3693174
Дикси,60.0288349,30.3316117
Пятерочка,59.8592214,30.3766749
Пятерочка,59.8456224,30.2539716
Дикси,59.9470018,30.3422770
Пятерочка,59.8550954,30.2651648
Дикси,59.9086179,30.4795894
,59.8319787,30.5076039
Магнит,59.8768785,30.2746046
,59.9030346,30.5101051
Дикси,59.7601730,30.4697918
Дикси,59.7318046,30.4658783
Дикси,59.7359972,30.4539218
,59.6740206,29.8526735
Магнит,59.7075766,30.0154204
Перекресток,59.9748570,30.3176258
,59.9094895,30.3240740
,59.9851217,30.2132615
Дикси,59.9303225,30.3656462
,59.8327704,30.2036720
Пятерочка,59.8903443,30.3174101
,59.9651540,30.3155308
,59.9616763,30.4070121
,59.7353517,30.6183881
,59.9879647,30.3722489
Пятерочка,59.8676969,30.4628803
Дикси,60.0527280,30.4388862
Магнит,60.0027536,30.3281667
Перекресток,59.8514192,30.2766608
,59.9191940,30.2933067
Пятерочка,59.8440995,30.3354001
,59.8777454,29.9149089
Дикси,60.0786119,30.3446659
Магнит,60.0778053,30.3439821
,59.8550380,30.2054927
,60.0719749,30.2424405
Пятерочка,59.9550850,30.2169916
,59.9842475,30.3982797
Пятерочка,59.8313382,30.5056567
Дикси,59.9797127,30.4052271
Дикси,59.9429816,30.2100034
Пятерочка,59.9995209,30.2183490
Лента,60.0037934,30.2418461
,59.9030098,30.3153878
Лента,60.0293336,30.2457661
Магнит,59.9336802,30.3622353
,59.9031003,30.2765832
Пятерочка,60.0039309,30.2382674
Пятерочка,59.9114786,30.3537195
Пятерочка,59.7182943,30.0765481
Пятерочка,59.9067261,30.2439377
Дикси,60.0562152,30.4411935
Перекресток,59.9711583,30.4197836
Дикси,59.7282504,30.4137071
Пятерочка,59.8542540,30.3699859
Пятерочка,59.8724594,30.4385488
Пятерочка,59.9619705,30.4322515
,59.9707493,30.3466521
,59.8468450,30.2060781
,59.7248448,30.4064847
Пятерочка,59.9227904,30.3335482
,59.7175173,30.4099020
Дикси,60.0485216,30.4316300
Дикси,59.9237057,30.3358711
Дикси,59.8419361,30.2086152
Пятерочка,59.9861367,30.2699075
Перекресток,59.9904215,30.2050682
Пятерочка,59.9888571,30.2065712
,59.8568657,29.9378645
,59.9291345,30.4834579
Перекресток,59.9334342,30.3286804
Пятерочка,59.8262459,30.0811959
,59.9154283,30.3138841
Дикси,60.0554792,30.4217653
Дикси,60.0314594,30.1424128
Пятерочка,59.9046426,30.3255255
,59.9522370,30.4155584
,59.8722251,29.8566174
Дикси,59.8576085,30.4040562
,59.7300383,30.5649486
,59.7058475,30.4061787
Пятерочка,59.9214445,30.4615085
Дикси,60.0315875,30.3429083
,59.8926391,30.4291186
,60.1016162,29.9713067
,60.0521721,30.4317916
Магнит,60.0522243,30.4284235
Перекресток,59.9710015,30.3862781
Пятерочка,59.8274642,30.4172727
Лента,59.9031253,29.7681921
,59.8423834,30.2550025
Пятерочка,59.9209265,30.3386849
Магнит,59.9775839,30.4366967
Пятерочка,59.9174932,30.4580843
,59.8076525,30.3815397
Дикси,59.9384392,30.3649894
Магнит,60.0273111,29.9994457
,60.0810988,30.3330487
,59.9103580,29.7668567
,60.0793925,30.3356118
Перекресток,59.9991357,30.1992515
Пятерочка,59.6636789,30.5304333
,59.8413313,30.3899175
Пятерочка,59.9501105,30.2625639
,59.7060943,30.3885583
Дикси,59.8669918,30.2595482
,60.0250260,30.6315382
Пятерочка,59.8529990,30.1433182
,59.8887339,30.3273901
,59.8726709,30.4719649
,59.8320103,30.3444137
Пятерочка,59.9644280,30.4082694
Магнит,59.9676353,30.4096218
Пятерочка,59.9697931,30.4105104
Магнит,59.9090501,30.4583741
Пятерочка,60.0579449,30.4210084
Перекресток,59.9594291,30.2197768
Перекресток,59.9535458,30.2199382
,60.1087346,30.3498012
,59.9750593,30.3166739
Пятерочка,60.0333209,30.1430159
Пятерочка,60.0995092,29.9721924
Пятерочка,60.0940759,29.9612486
Лента,59.8675280,30.2684415
Пятерочка,59.9469730,30.2299908
Пятерочка,59.9061918,30.5201279
Магнит,59.9076625,30.5180293
Пятерочка,60.0599188,30.4701956
Магнит,59.9199983,30.3712392
Пятерочка,59.9236101,30.3696905
,59.9450597,30.3559676
Дикси,59.9463171,30.3579023
Перекресток,59.9788827,30.3754396
,59.9341758,30.2682313
Семишагофф,59.9386554,30.3596583
Пятерочка,59.9684789,30.4280100
Перекресток,59.9357930,30.3158586
Пятерочка,59.8577864,30.3655551
Магнит,59.8562286,30.3770418
Пятерочка,59.9661631,30.4119827
Магнит,59.8990076,30.4846039
Дикси,59.9357639,30.3727354
,59.7321287,30.6179716
,59.9977748,30.2003421
Дикси,59.7372430,30.0807387
,59.7395468,30.0794243
,59.7330863,30.6058749
Магнит,59.9270020,30.4142479
Пятерочка,59.9149041,30.4740106
,59.9760328,30.3173837
Пятерочка,59.9305351,30.2436057
Магнит,59.9058740,30.5222376
,59.6632586,30.1142346
Пятерочка,59.9886754,30.3719521
Лента,59.9869575,30.3931828
Семишагофф,59.8334938,30.1999268
,60.0029771,30.3993007
,59.9710211,30.3191873
,59.8936238,30.4133180
Лента,59.9157495,30.4709036
Дикси,59.9373864,30.3734125
Лента,59.8534293,30.3034802
,59.9534114,30.4095956
,59.7041107,30.3693311
,59.7319553,30.4175196
Пятерочка,59.8545052,30.1477970
Магнит,60.0498300,30.4250701
Магнит,59.9281315,30.3811926
,59.8998133,30.4259362
Пятерочка,60.0574111,30.4774475
Семишагофф,59.8399711,30.4161823
Перекресток,59.8339993,30.5042916
Перекресток,59.9144546,30.4592639
Пятерочка,59.8563920,30.2293354
Пятерочка,60.0317364,30.1396215
Магнит,59.8353896,30.3509865
Магнит,59.8486675,30.3080986
,60.0286993,30.2522278
Пятерочка,59.8396910,30.1288885
Перекресток,60.0261277,30.3032429
Перекресток,59.9378654,30.4348233
Перекресток,59.9489483,30.4891667
Перекресток,60.0068974,30.2749948
,59.9676136,30.3841793
,59.9635004,30.3797693
Пятерочка,59.9072444,29.7689171
Пятерочка,59.9047503,29.7806394
,59.9488166,30.2628036
Перекресток,60.0653779,30.3032649
Пятерочка,60.0444289,30.4501409
Пятерочка,59.8357174,30.2139446
Пятерочка,59.9568594,30.4084390
Магнит,59.8277574,30.2171195
Пятерочка,59.9280112,30.3157277
Пятерочка,60.1125948,30.4910087
Пятерочка,60.0083165,30.2632934
Дикси,60.0112468,30.2462732
Магнит,59.8593127,30.3487289
Пятерочка,59.9416200,30.2203797
Пятерочка,59.7015537,30.1210456
,59.8451397,30.2804408
Перекресток,59.9934876,30.1510227
Пятерочка,59.9258166,30.3755395
Магнит,59.8489760,30.3142313
Магнит,59.8294343,30.5364235
Азбука вкуса,59.9261315,30.3427296
Азбука вкуса,60.0486692,30.3141909
Дикси,59.9342318,30.3705266
Дикси,59.8743652,30.3107791
,59.7271037,30.4176434
Дикси,60.0703487,30.3243334
,60.0803210,30.3444858
,60.0582955,30.2753805
Магнит,59.9383297,30.2405942
,59.8613255,30.4585166
,59.8807374,30.4586296
Пятерочка,59.9779700,30.3730000
Семишагофф,59.8757298,30.4345807
Семишагофф,59.9052459,30.5205532
Магнит,60.0590330,30.4213019
,59.8619520,30.4131315
Семишагофф,59.8931894,30.4539432
Пятерочка,59.8930551,30.4519815
,59.8420508,30.4953630
Перекресток,59.9889630,30.1983926
Семишагофф,59.8426317,30.1717998
,59.9309828,30.4107696
Верный,60.0585482,30.4228033
Перекресток,60.0367954,30.3456480
Пятерочка,59.9974679,30.2178834
Магнит,59.9998656,30.2151715
,59.9234972,30.3501659
,59.8763819,30.4063524
Дикси,59.8751565,30.4029917
,59.8966559,30.2577154
Дикси,59.8909449,30.2706277
Пятерочка,59.8864243,30.3589878
,60.0124615,30.3119610
Верный,60.0545460,30.4274973
Магнит,59.7066416,30.3900855
Пятерочка,59.9680760,30.3413393
Пятерочка,59.7425856,30.6173421
Лента,59.9331378,30.4396745
,59.9580733,30.3580022
,59.9445545,30.4836468
,60.0721522,30.2434562
,60.0715834,30.2383172
Дикси,59.8615876,30.5056023
Пятерочка,59.8638918,30.5149208
Дикси,59.8643381,30.5144557
,59.8632125,30.5015953
Магнит,59.7560946,30.3720121
Пятерочка,59.7553688,30.3706494
Дикси,59.8626668,30.3382199
Лента,60.0426112,30.4639664
Перекресток,59.7406113,30.6110224
Дикси,59.8505482,30.1350012
,59.8763469,30.3337008
,59.8567035,29.9507529
,59.9100818,30.2887932
Дикси,59.9337680,30.2660776
Семишагофф,59.9438967,30.4114057
Семишагофф,60.0481502,30.3304676
,59.9093606,30.2462714
Пятерочка,59.9092673,30.2555961
Пятерочка,59.7419115,30.5784959
,60.0172455,30.6235793
,59.8795778,30.4558506
Пятерочка,59.9572364,30.4807241
,59.7377519,30.5719337
Магнит,59.9124183,30.3483544
Перекресток,60.0056430,30.2367090
Перекресток,60.0069520,30.2447570
,60.0322563,30.6322497
Перекресток,59.9195810,30.4651860
Перекресток,59.9591470,30.3195690
Перекресток,60.0527030,30.3311930
Перекресток,60.0053240,30.3280220
Перекресток,60.0000671,30.2864906
Пятерочка,59.9037336,30.3128256
,60.0386075,30.4013974
Пятерочка,59.8996161,30.5179326
,59.8440408,30.3589294
Семишагофф,59.8454173,30.3716242
Магнит,60.1123676,30.4848424
Перекресток,59.8826990,30.3705040
Перекресток,60.1220710,30.3529950
Перекресток,59.9005070,30.4858920
Магнит,59.8284057,30.3930285
,60.0208376,30.3185057
,60.0408279,30.2217356
,60.0415827,30.2210429
,59.8874791,30.3138528
Магнит,60.0584025,30.4429915
Дикси,59.8476073,30.2296284
Пятерочка,59.9477064,30.5643986
Магнит,59.9468920,30.5641805
Перекресток,59.9463160,30.5607175
,60.0083018,30.6073232
Перекресток,59.9092640,30.5139228
,60.0077592,30.6063587
Магнит,59.6638233,30.1184215
Перекресток,59.9511809,30.4731794
Магнит,59.8544688,30.3880481
,60.0825577,30.3539410
,60.0830336,30.3501944
Пятерочка,60.0493379,30.4444637
,59.9859416,30.3778330
,59.9854719,30.3791859
Пятерочка,59.8523813,30.1564941
Магнит,59.7442301,30.4724506
Магнит,59.6635061,30.5304873
Магнит,59.8856570,30.4304071
,59.8276939,30.2155955
Пятерочка,59.9391439,30.2016161
Магнит,60.0333448,30.2989012
Пятерочка,59.8522597,30.2728868
,59.8542539,30.3493947
,59.8610280,29.9362128
Пятерочка,59.7283729,30.4187619
Магнит,60.0598675,30.4300295
Лента,60.0159756,30.3174107
Магнит,59.9997915,30.3149593
Пятерочка,59.8690493,30.3690095
,59.8379659,30.3967422
Пятерочка,60.0002902,30.3526511
Пятерочка,59.8811160,30.4685655
Дикси,59.9788165,30.4210760
Магнит,59.9033088,30.4533815
Магнит,60.0074732,29.7411489
Дикси,59.7611174,30.6310089
Верный,59.9880432,30.2125874
Пятерочка,59.8752957,30.3995028
Магнит,60.0219688,30.3923798
,59.9680633,30.2773140
Магнит,59.9991594,30.3671466
Перекресток,59.9002676,29.7745505
Дикси,59.9031054,30.5215604
Пятерочка,59.9097671,30.3459095
,60.0629164,30.2890464
,59.8661227,30.4668094
,59.8894588,30.2745673
,60.0362592,30.4522447
,59.8257915,30.3371830
Семишагофф,59.8524733,30.3545887
,59.8207035,30.3382087
Пятерочка,59.8504748,30.3684670
Пятерочка,59.8271010,30.3372605
,59.8239707,30.3326432
Пятерочка,59.6853584,30.4228677
Магнит,60.0513594,30.4516841
,60.0510093,30.4496365
Пятерочка,59.8104962,30.5805239
Пятерочка,59.9505204,30.5771633
Дикси,59.9508117,30.5772458
Магнит,59.9283983,30.2606873
Пятерочка,59.9316519,30.2406941
Магнит,60.1479694,29.9369768
Верный,60.0612820,30.4313068
Магнит,59.9145981,30.4405973
Пятерочка,60.0350219,30.4173978
Пятерочка,60.0290603,30.4053606
Пятерочка,60.0282089,30.3382429
,59.8613778,30.1595430
Магнит,59.8608682,30.1586780
,59.8584235,30.1952404
Пятерочка,59.8293971,30.1772949
Магнит,60.0650894,30.4274492
Пятерочка,59.9508880,30.2463850
Дикси,60.0534865,30.4282174
,59.8675900,30.4511544
Лента,60.0354924,30.2552387
,60.0283048,30.2532637
,59.8084611,30.3684094
Prisma,59.9283419,30.3461767
,59.9534463,30.2169084
,60.0350145,30.2502120
Перекресток,60.0456915,30.3731458
Пятерочка,59.8596971,30.3505330
Магнит,60.0316953,30.4044870
Семишагофф,60.0136059,30.2662131
Семишагофф,59.9504996,30.2206772
Семишагофф,59.8435664,30.1480367
,60.0712330,30.2373057
Азбука вкуса,59.9670071,30.2728521
Пятерочка,60.0281691,30.4118208
Пятерочка,60.0207996,30.4068964
Магнит,59.9289006,30.3017218
Пятерочка,59.8355123,30.1688794
Перекресток,59.9460472,30.4979897
Магнит,59.8893602,30.3201505
Пятерочка,60.0153458,30.4102187
Лента,59.8604090,30.3899763
,59.9354327,30.4093584
Пятерочка,59.9452217,30.4140523
Пятерочка,59.9472211,30.4139597
,59.8988549,30.5165683
,60.0625447,30.4047676
Магнит,59.9193533,30.2957125
Магнит,59.9886693,30.2936980
Магнит,60.0757887,30.3446057
Магнит,59.8438846,30.2740087
Дикси,59.7426768,30.4699275
Дикси,59.9176689,30.5052318
Пятерочка,59.8962281,29.7741129
,59.7981701,29.9161391
,59.7893684,29.9305535
Пятерочка,59.8537723,30.4760122
,59.9418626,30.4782516
Дикси,59.9602224,30.4819717
Пятерочка,59.9039907,30.5061442
Дикси,60.0143168,30.3678117
,59.8417647,30.4965973
Пятерочка,59.9892453,30.2987539
,59.8161530,29.9823064
,59.7906113,30.1635058
,60.0321176,30.4588681
,60.0334806,30.4567898
,60.0360923,30.4544693
,60.0569699,30.4711809
,60.0665760,30.4569572
,60.0627543,30.4241620
Пятерочка,59.8673616,30.4432233
Перекресток,59.8402274,30.1138726
,59.7224408,30.6087574
,59.7223509,30.6073637
,59.8081640,30.5753204
,59.8884844,30.3162265
Пятерочка,59.8994031,30.5124147
Магнит,59.9005061,30.5126236
Пятерочка,59.9138840,30.4378948
Пятерочка,59.8609151,30.3297666
,60.0561660,30.3234994
Пятерочка,59.9462715,30.2711839
Пятерочка,60.0648524,30.4340117
,59.8877779,30.2700852
Пятерочка,59.9223201,30.2812133
Верный,60.0610916,30.4242395
Prisma,59.9000410,30.2722110
,60.0602711,30.4580287
,60.0624939,30.4404223
,59.8692736,30.4498688
Магнит,59.9142469,30.4866849
,59.8253602,29.9323824
,60.0283052,30.4523315
,60.0304313,30.4551806
Перекресток,59.8630337,30.4046214
Дикси,60.0422121,30.4463326
Перекресток,60.0409435,30.4445369
Пятерочка,59.9939521,30.3159647
Верный,60.0662714,30.4284552
Пятерочка,59.8739291,30.3669891
,59.8663386,30.4646544
,59.8666105,30.3876042
Семишагофф,59.8780213,30.4422718
Семишагофф,59.8195466,30.3392931
,59.8101692,30.3690579
,59.8111930,30.3675217
,60.0029722,30.4471741
,59.9571216,30.4736534
Магнит,60.0033039,30.3576100
Семишагофф,59.8542917,30.3875610
,59.6835959,30.4400334
,59.9467639,30.2712838
,60.1436918,30.2243340
Пятерочка,60.1396889,30.2169322
Магнит,59.9807910,30.5099698
,60.0558519,30.4673549
Пятерочка,60.0372944,30.3460469
Магнит,59.9629606,30.4883314
,59.9730885,30.4172734
Пятерочка,59.9614310,30.3069938
,59.9613234,30.3532871
,59.9839082,30.3491187
,59.9852436,30.3947654
Пятерочка,59.7385943,30.4773519
Магнит,59.9946723,30.3158753
Магнит,59.8930841,30.4835491
Магнит,59.9185385,30.4623221
,59.9217296,30.4594079
,59.9290947,30.4599659
,59.9118415,30.4686827
,59.9218488,30.3519126
Пятерочка,59.8818347,30.4715009
Семишагофф,59.8454147,30.2536147
,59.8441357,30.2309523
,59.7424188,30.4779070
Пятерочка,59.7428286,30.4842981
,59.7476710,30.5866025
,60.0541822,30.3104358
,60.0665157,30.3088129
,60.0226811,30.3712770
,60.0406301,30.3926986
Магнит,60.0476258,30.3750396
Магнит,60.0509375,30.3484006
,59.9597186,30.4357136
Магнит,59.9556931,30.4899900
,59.9498136,30.2250522
,59.8104746,30.3580755
,59.8109002,30.3604937
Пятерочка,59.8864905,30.3602940
,59.9808555,30.3851320
Пятерочка,59.8714244,30.3686911
,60.0273340,30.2220632
,59.8190326,30.3247470
Дикси,59.8135674,30.2934086
,59.7047407,30.5766823
Дикси,59.8499725,30.3250736
,60.0051281,30.3905595
Семишагофф,59.9794902,30.5111927
Пятерочка,59.8335383,30.3915922
,59.9441186,30.3918355
Магнит,59.8075258,30.3741220
Дикси,59.8665572,30.2660005
,59.7589127,30.6261651
Лента,59.9674290,30.2993060
Лента,60.0584570,30.4838820
Пятерочка,59.8346240,30.5101302
Дикси,59.8958036,30.4238652
Магнит,59.8312529,30.0907775
,59.8734036,30.4026689
Магнит,59.8469489,30.3794463
Пятерочка,59.8060359,30.3691984
Пятерочка,59.7029173,30.3946155
,59.8889237,30.4246704
,59.8627212,30.3898198
Пятерочка,59.9136290,29.7826514
,59.8782910,30.3957789
Магнит,59.7503200,30.5794714
Магнит,59.8140427,30.5655006
Пятерочка,59.8643023,30.1696729
Магнит,59.8523756,30.2498862
,60.0689348,30.3941177
,60.1646816,30.5415857
Пятерочка,59.9485982,30.5674131
Пятерочка,59.9440600,30.6064744
Магнит,60.0387921,30.4530698
Дикси,60.0355541,30.4574335
Магнит,59.9315889,30.4653674
Дикси,59.7234357,30.4036379
Магнит,60.0446509,30.4635927
Пятерочка,59.9001465,30.5114250
Магнит,60.0006196,30.4357105
Пятерочка,60.0340200,30.4488230
Пятерочка,60.0673141,30.4018040
,59.8223962,30.3314578
Магнит,59.9488671,30.5566300
Магнит,60.0683540,30.4025723
,59.9049278,30.4767738
Магнит,60.0253929,30.3827152
Перекресток,59.8691011,30.1586122
Верный,59.8666692,30.1611898
Дикси,60.0052561,30.2901494
,60.0057902,30.2823224
Дикси,59.9032837,30.5171981
Дикси,59.8387734,30.3854840
,60.0032147,30.2359179
Перекресток,59.9491183,30.2336731
Мираторг,59.9403629,30.3505225
,59.9541242,30.4225980
,60.0054798,30.2987515
,60.0696729,30.3107328
,59.8694864,29.8656789
,59.8028338,30.3767310
Магнит,60.0494468,30.4439910
Пятерочка,59.8653162,30.4437241
Пятерочка,60.1199444,30.1749230
Перекресток,59.9861651,30.2185602
Магнит,59.8391905,30.3852224
Магнит,59.9009354,30.4570927
Семишагофф,59.8138881,30.5647611
Магнит,59.8119634,30.5692672
Пятерочка,59.8149415,30.5747323
Пятерочка,59.8155672,30.5765989
Пятерочка,59.9524363,30.2317223
Перекресток,59.7428259,30.4719919
,59.6961654,30.4198839
Лента,59.7911180,30.1496973
,59.8437155,30.1052014
Дикси,60.0470106,30.4614809
,60.0087722,30.2979386
Семишагофф,59.9331862,30.3768502
Карусель,59.8250113,30.1738279
Карусель,59.8715155,30.3413082
Пятерочка,59.8497018,30.2567020
,59.8311071,30.2206008
,59.8341358,30.3516342
,59.8383895,30.3488014
Дикси,59.9389672,30.4866353
Дикси,59.9559548,30.5966916
Дикси,59.9964435,30.3214548
Перекресток,59.9520893,30.2330151
,59.7464181,30.6095659
,60.0105400,29.7183177
Магнит,59.8527327,30.3140525
,59.8523446,30.2962270
Верный,59.8599440,30.4139503
Магнит,59.8707674,30.3816008
,59.9244322,30.3513085
Магнит,59.7024846,30.3814801
Перекресток,59.8341768,30.2047232
,59.8545298,30.2840473
,59.9205113,30.4390168
Дикси,59.7395002,30.0898339
,59.9535069,30.4821598
,60.0136711,30.3937733
,59.9837970,30.3535615
,59.9579646,30.2998075
,59.9385526,30.4773992
,59.9410785,30.3600472
,59.9120921,30.3217050
,59.8646062,30.4455399
,59.8792775,30.2666942
,59.8602456,30.1876214
,59.8325729,30.3454345
,59.8195039,30.3400132
,59.8070261,30.3772723
Eurospar,59.9484474,30.3597535
Eurospar,59.9346110,30.3342564
Eurospar,59.9285924,30.3457725
,60.1498477,30.5110583
Магнит,59.8481423,30.2425090
,59.8531500,30.1936630
Пятерочка,59.9655444,30.4362855
Семишагофф,59.8305153,30.4250572
Магнит,59.7608076,30.4714290
Магнит,60.0679278,30.4282390
Перекресток,60.0473524,30.3654837
Пятерочка,59.8382809,30.3573570
,59.9236541,30.4836481
,60.0069609,30.6064005
,60.0311557,30.6289123
,59.9027952,30.5104501
,60.0130902,30.2520600
Лента,59.7356705,30.4714544
Магнит,59.7312145,30.4550492
Магнит,59.7326940,30.4674058
Дикси,59.7404080,30.4751889
Дикси,59.7448889,30.4772491
Пятерочка,59.8448705,30.3091565
Eurospar,60.0361721,30.4448143
,59.7491369,30.6047881
,59.7623373,30.3248177
,59.8345407,30.4017177
,59.9829459,30.2371397
Пятерочка,59.9872470,30.4269536
,60.1453737,30.2225116
Лента,59.8984274,30.5129841
Пятерочка,59.8406429,30.3396801
Магнит,59.8431881,30.3296388
Светофор,59.9028826,30.3376500
Магнит,59.9050956,30.3400711
Магнит,59.7256701,30.4272523
Светофор,59.8198615,30.3558747
,59.8978463,30.3115421
Магнит,59.8618182,30.3131505
,59.8556453,30.3148909
Магнит,59.8978896,30.3074013
Магнит,59.8402014,30.2402513
,60.0530468,30.4261568
Семишагофф,59.9242556,30.4539481
,60.0050331,30.4196326
Пятерочка,60.0125458,30.4112663
Пятерочка,60.0777308,29.9680078
Магнит,60.0722267,30.3379458
Пятерочка,60.0556854,30.3382838
Верный,60.0548818,30.3385514
Перекресток,60.0488370,30.3331290
,60.0249034,30.3181966
Верный,60.0023862,30.3379711
Магнит,59.9810034,30.3501031
Магнит,59.9865644,30.3673987
,59.9292921,30.3520797
Пятерочка,59.9367239,30.2559354
Магнит,59.8093126,30.0785949
Магнит,60.0565187,30.2673968
Пятерочка,59.9302161,30.2531977
Пятерочка,59.9443022,30.2849236
Перекресток,59.8996220,30.4508047
Магнит,59.8757262,30.3766994
Семишагофф,60.1114510,30.4922773
Магнит,60.0675620,30.4295181
Eurospar,60.0526649,30.3127474
Магнит,59.9357077,30.4359441
,60.0109766,30.4805598
Пятерочка,59.8441897,30.3177741
Светофор,60.0627163,30.3923819
,60.0728946,30.3442672
Светофор,60.0736975,30.2833263
Светофор,60.0384363,30.0009578
Светофор,59.7765194,30.0493420
,59.8468668,30.3200343
Пятерочка,59.8693342,30.2724617
,59.8638219,30.1658633
,59.9379921,30.2673079
Лента,59.8316186,30.3626908
Пятерочка,59.9259521,30.3674438
,59.8617583,30.1839953
Пятерочка,59.9018645,29.8167927
,59.8097582,30.0864324
,59.9443948,30.2842312
Пятерочка,59.8636812,30.1727392
Перекресток,60.0018054,30.2990403
,59.9372831,30.1979714
,59.9256191,30.3732709
,59.9665267,30.3950991
,60.0152797,30.0098464
Магнит,59.8471097,30.5139726
Светофор,60.0648746,30.3194336
Дикси,60.0397621,30.2539503
Магнит,60.0372933,30.2560641
,60.0404193,30.2537729
Магнит,60.0404324,29.9771780
Светофор,59.9657547,30.3678886
,59.9484033,30.5563651
Семишагофф,59.9984952,30.3660582
,59.7907875,30.1679112
Дикси,59.8477643,30.4150299
,59.8704566,29.8680336
,59.9461989,30.5616948
Дикси,60.0102585,29.7192004
Пятерочка,59.9978662,29.7652218
Верный,59.8757467,29.9224904